MAE1,MAE2,MAE3,MAE4,MAE5,MAE6
21.231573,21.221956,21.212082,21.201977,21.191744,21.181454
21.221956,21.212082,21.201977,21.191744,21.181454,21.172112
21.212082,21.201977,21.191744,21.181454,21.172112,21.163734
21.201977,21.191744,21.181454,21.172112,21.163734,21.1559
21.191744,21.181454,21.172112,21.163734,21.1559,21.15286
21.181454,21.172112,21.163734,21.1559,21.15286,21.15026
21.172112,21.163734,21.1559,21.15286,21.15026,21.14586
21.163734,21.1559,21.15286,21.15026,21.14586,21.140709
21.1559,21.15286,21.15026,21.14586,21.140709,21.136002
21.15286,21.15026,21.14586,21.140709,21.136002,21.132025
21.15026,21.14586,21.140709,21.136002,21.132025,21.12856
21.14586,21.140709,21.136002,21.132025,21.12856,21.125427
21.140709,21.136002,21.132025,21.12856,21.125427,21.122557
21.136002,21.132025,21.12856,21.125427,21.122557,21.120523
21.132025,21.12856,21.125427,21.122557,21.120523,21.119232
21.12856,21.125427,21.122557,21.120523,21.119232,21.113953
21.125427,21.122557,21.120523,21.119232,21.113953,21.108809
21.122557,21.120523,21.119232,21.113953,21.108809,21.105942
21.120523,21.119232,21.113953,21.108809,21.105942,21.104904
21.119232,21.113953,21.108809,21.105942,21.104904,22.241816
21.113953,21.108809,21.105942,21.104904,22.241816,22.753181
21.108809,21.105942,21.104904,22.241816,22.753181,22.809998
21.105942,21.104904,22.241816,22.753181,22.809998,22.81008
21.104904,22.241816,22.753181,22.809998,22.81008,22.810066
22.241816,22.753181,22.809998,22.81008,22.810066,22.810057
22.753181,22.809998,22.81008,22.810066,22.810057,22.809982
22.809998,22.81008,22.810066,22.810057,22.809982,22.809978
22.81008,22.810066,22.810057,22.809982,22.809978,22.809975
22.810066,22.810057,22.809982,22.809978,22.809975,22.809973
22.810057,22.809982,22.809978,22.809975,22.809973,22.80997
22.809982,22.809978,22.809975,22.809973,22.80997,22.809973
22.809978,22.809975,22.809973,22.80997,22.809973,22.809969
22.809975,22.809973,22.80997,22.809973,22.809969,22.809973
22.809973,22.80997,22.809973,22.809969,22.809973,22.809975
22.80997,22.809973,22.809969,22.809973,22.809975,22.809975
22.809973,22.809969,22.809973,22.809975,22.809975,22.809975
22.809969,22.809973,22.809975,22.809975,22.809975,22.809975
22.809973,22.809975,22.809975,22.809975,22.809975,22.809975
22.809975,22.809975,22.809975,22.809975,22.809975,22.809975
22.809975,22.809975,22.809975,22.809975,22.809975,22.809977
22.809975,22.809975,22.809975,22.809975,22.809977,22.809977
22.809975,22.809975,22.809975,22.809977,22.809977,22.809977
22.809975,22.809975,22.809977,22.809977,22.809977,22.809978
22.809975,22.809977,22.809977,22.809977,22.809978,22.809978
22.809977,22.809977,22.809977,22.809978,22.809978,22.809978
22.809977,22.809977,22.809978,22.809978,22.809978,22.80998
22.809977,22.809978,22.809978,22.809978,22.80998,22.80998
22.809978,22.809978,22.809978,22.80998,22.80998,22.80998
22.809978,22.809978,22.80998,22.80998,22.80998,22.809977
22.809978,22.80998,22.80998,22.80998,22.809977,22.809967
22.80998,22.80998,22.80998,22.809977,22.809967,22.809952
22.80998,22.80998,22.809977,22.809967,22.809952,22.809963
22.80998,22.809977,22.809967,22.809952,22.809963,22.809906
22.809977,22.809967,22.809952,22.809963,22.809906,22.809906
22.809967,22.809952,22.809963,22.809906,22.809906,23.497795
22.809952,22.809963,22.809906,22.809906,23.497795,23.688015
22.809963,22.809906,22.809906,23.497795,23.688015,23.719479
22.809906,22.809906,23.497795,23.688015,23.719479,22.933945
22.809906,23.497795,23.688015,23.719479,22.933945,22.810186
23.497795,23.688015,23.719479,22.933945,22.810186,22.81009
23.688015,23.719479,22.933945,22.810186,22.81009,22.810028
23.719479,22.933945,22.810186,22.81009,22.810028,22.810005
22.933945,22.810186,22.81009,22.810028,22.810005,22.810005
22.810186,22.81009,22.810028,22.810005,22.810005,22.810001
22.81009,22.810028,22.810005,22.810005,22.810001,22.810005
22.810028,22.810005,22.810005,22.810001,22.810005,22.810001
22.810005,22.810005,22.810001,22.810005,22.810001,22.809998
22.810005,22.810001,22.810005,22.810001,22.809998,22.809986
22.810001,22.810005,22.810001,22.809998,22.809986,22.809975
22.810005,22.810001,22.809998,22.809986,22.809975,22.809963
22.810001,22.809998,22.809986,22.809975,22.809963,22.80996
22.809998,22.809986,22.809975,22.809963,22.80996,22.80996
22.809986,22.809975,22.809963,22.80996,22.80996,22.809948
22.809975,22.809963,22.80996,22.80996,22.809948,22.809946
22.809963,22.80996,22.80996,22.809948,22.809946,22.809929
22.80996,22.80996,22.809948,22.809946,22.809929,22.809942
22.80996,22.809948,22.809946,22.809929,22.809942,22.809956
22.809948,22.809946,22.809929,22.809942,22.809956,22.809954
22.809946,22.809929,22.809942,22.809956,22.809954,22.809978
22.809929,22.809942,22.809956,22.809954,22.809978,22.809975
22.809942,22.809956,22.809954,22.809978,22.809975,22.809978
22.809956,22.809954,22.809978,22.809975,22.809978,22.809992
22.809954,22.809978,22.809975,22.809978,22.809992,22.809982
22.809978,22.809975,22.809978,22.809992,22.809982,22.809978
22.809975,22.809978,22.809992,22.809982,22.809978,23.55177
22.809978,22.809992,22.809982,22.809978,23.55177,23.70714
22.809992,22.809982,22.809978,23.55177,23.70714,23.719723
22.809982,22.809978,23.55177,23.70714,23.719723,22.915783
22.809978,23.55177,23.70714,23.719723,22.915783,22.812792
23.55177,23.70714,23.719723,22.915783,22.812792,22.810282
23.70714,23.719723,22.915783,22.812792,22.810282,22.810196
23.719723,22.915783,22.812792,22.810282,22.810196,21.792019
22.915783,22.812792,22.810282,22.810196,21.792019,21.230831
22.812792,22.810282,22.810196,21.792019,21.230831,20.91875
22.810282,22.810196,21.792019,21.230831,20.91875,20.731508
22.810196,21.792019,21.230831,20.91875,20.731508,20.563581
21.792019,21.230831,20.91875,20.731508,20.563581,20.446228
21.230831,20.91875,20.731508,20.563581,20.446228,20.424335
20.91875,20.731508,20.563581,20.446228,20.424335,20.398335
20.731508,20.563581,20.446228,20.424335,20.398335,20.354897
20.563581,20.446228,20.424335,20.398335,20.354897,20.314892
20.446228,20.424335,20.398335,20.354897,20.314892,20.287382
20.424335,20.398335,20.354897,20.314892,20.287382,20.267218
20.398335,20.354897,20.314892,20.287382,20.267218,20.248684
20.354897,20.314892,20.287382,20.267218,20.248684,20.23041
20.314892,20.287382,20.267218,20.248684,20.23041,20.213018
20.287382,20.267218,20.248684,20.23041,20.213018,20.196852
20.267218,20.248684,20.23041,20.213018,20.196852,20.181854
20.248684,20.23041,20.213018,20.196852,20.181854,20.167824
20.23041,20.213018,20.196852,20.181854,20.167824,20.158207
20.213018,20.196852,20.181854,20.167824,20.158207,20.148659
20.196852,20.181854,20.167824,20.158207,20.148659,20.13792
20.181854,20.167824,20.158207,20.148659,20.13792,20.126923
20.167824,20.158207,20.148659,20.13792,20.126923,20.116463
20.158207,20.148659,20.13792,20.126923,20.116463,20.106659
20.148659,20.13792,20.126923,20.116463,20.106659,20.646688
20.13792,20.126923,20.116463,20.106659,20.646688,20.869534
20.126923,20.116463,20.106659,20.646688,20.869534,20.994892
20.116463,20.106659,20.646688,20.869534,20.994892,21.280905
20.106659,20.646688,20.869534,20.994892,21.280905,21.413399
20.646688,20.869534,20.994892,21.280905,21.413399,21.456232
20.869534,20.994892,21.280905,21.413399,21.456232,21.466736
20.994892,21.280905,21.413399,21.456232,21.466736,21.467506
21.280905,21.413399,21.456232,21.466736,21.467506,21.468805
21.413399,21.456232,21.466736,21.467506,21.468805,21.470673
21.456232,21.466736,21.467506,21.468805,21.470673,21.472443
21.466736,21.467506,21.468805,21.470673,21.472443,21.473007
21.467506,21.468805,21.470673,21.472443,21.473007,21.47259
21.468805,21.470673,21.472443,21.473007,21.47259,21.471827
21.470673,21.472443,21.473007,21.47259,21.471827,21.470304
21.472443,21.473007,21.47259,21.471827,21.470304,21.468517
21.473007,21.47259,21.471827,21.470304,21.468517,21.46654
21.47259,21.471827,21.470304,21.468517,21.46654,21.464386
21.471827,21.470304,21.468517,21.46654,21.464386,21.461142
21.470304,21.468517,21.46654,21.464386,21.461142,21.456846
21.468517,21.46654,21.464386,21.461142,21.456846,21.452068
21.46654,21.464386,21.461142,21.456846,21.452068,21.447277
21.464386,21.461142,21.456846,21.452068,21.447277,21.442665
21.461142,21.456846,21.452068,21.447277,21.442665,21.43825
21.456846,21.452068,21.447277,21.442665,21.43825,21.434744
21.452068,21.447277,21.442665,21.43825,21.434744,21.432178
21.447277,21.442665,21.43825,21.434744,21.432178,21.430237
21.442665,21.43825,21.434744,21.432178,21.430237,21.428677
21.43825,21.434744,21.432178,21.430237,21.428677,21.427423
21.434744,21.432178,21.430237,21.428677,21.427423,21.4265
21.432178,21.430237,21.428677,21.427423,21.4265,21.425325
21.430237,21.428677,21.427423,21.4265,21.425325,21.423885
21.428677,21.427423,21.4265,21.425325,21.423885,21.419321
21.427423,21.4265,21.425325,21.423885,21.419321,21.41493
21.4265,21.425325,21.423885,21.419321,21.41493,21.412392
21.425325,21.423885,21.419321,21.41493,21.412392,21.411371
21.423885,21.419321,21.41493,21.412392,21.411371,21.403318
21.419321,21.41493,21.412392,21.411371,21.403318,21.387415
21.41493,21.412392,21.411371,21.403318,21.387415,21.367218
21.412392,21.411371,21.403318,21.387415,21.367218,21.345705
21.411371,21.403318,21.387415,21.367218,21.345705,21.32391
21.403318,21.387415,21.367218,21.345705,21.32391,21.301733
21.387415,21.367218,21.345705,21.32391,21.301733,21.278172
21.367218,21.345705,21.32391,21.301733,21.278172,21.25307
21.345705,21.32391,21.301733,21.278172,21.25307,21.226791
21.32391,21.301733,21.278172,21.25307,21.226791,21.199654
21.301733,21.278172,21.25307,21.226791,21.199654,21.171774
21.278172,21.25307,21.226791,21.199654,21.171774,21.143131
21.25307,21.226791,21.199654,21.171774,21.143131,22.247862
21.226791,21.199654,21.171774,21.143131,22.247862,22.756626
21.199654,21.171774,21.143131,22.247862,22.756626,22.81049
21.171774,21.143131,22.247862,22.756626,22.81049,22.810595
21.143131,22.247862,22.756626,22.81049,22.810595,22.810509
22.247862,22.756626,22.81049,22.810595,22.810509,22.810436
22.756626,22.81049,22.810595,22.810509,22.810436,22.810118
22.81049,22.810595,22.810509,22.810436,22.810118,22.810211
22.810595,22.810509,22.810436,22.810118,22.810211,22.810192
22.810509,22.810436,22.810118,22.810211,22.810192,22.81017
22.810436,22.810118,22.810211,22.810192,22.81017,22.81015
22.810118,22.810211,22.810192,22.81017,22.81015,22.810135
22.810211,22.810192,22.81017,22.81015,22.810135,22.810095
22.810192,22.81017,22.81015,22.810135,22.810095,22.810104
22.81017,22.81015,22.810135,22.810095,22.810104,22.810093
22.81015,22.810135,22.810095,22.810104,22.810093,22.810085
22.810135,22.810095,22.810104,22.810093,22.810085,22.81008
22.810095,22.810104,22.810093,22.810085,22.81008,23.577898
22.810104,22.810093,22.810085,22.81008,23.577898,23.719269
22.810093,22.810085,22.81008,23.577898,23.719269,23.71976
22.810085,22.81008,23.577898,23.719269,23.71976,22.905432
22.81008,23.577898,23.719269,23.71976,22.905432,22.81046
23.577898,23.719269,23.71976,22.905432,22.81046,22.81014
23.719269,23.71976,22.905432,22.81046,22.81014,23.194191
23.71976,22.905432,22.81046,22.81014,23.194191,23.481064
22.905432,22.81046,22.81014,23.194191,23.481064,23.562334
22.81046,22.81014,23.194191,23.481064,23.562334,22.907135
22.81014,23.194191,23.481064,23.562334,22.907135,22.810406
23.194191,23.481064,23.562334,22.907135,22.810406,22.810093
23.481064,23.562334,22.907135,22.810406,22.810093,22.810097
23.562334,22.907135,22.810406,22.810093,22.810097,22.810139
22.907135,22.810406,22.810093,22.810097,22.810139,22.81026
22.810406,22.810093,22.810097,22.810139,22.81026,23.623764
22.810093,22.810097,22.810139,22.81026,23.623764,23.719082
22.810097,22.810139,22.81026,23.623764,23.719082,23.719316
22.810139,22.81026,23.623764,23.719082,23.719316,23.719816
22.81026,23.623764,23.719082,23.719316,23.719816,23.719875
23.623764,23.719082,23.719316,23.719816,23.719875,23.719706
23.719082,23.719316,23.719816,23.719875,23.719706,23.475832
23.719316,23.719816,23.719875,23.719706,23.475832,23.44891
23.719816,23.719875,23.719706,23.475832,23.44891,23.47664
23.719875,23.719706,23.475832,23.44891,23.47664,22.90547
23.719706,23.475832,23.44891,23.47664,22.90547,22.813938
23.475832,23.44891,23.47664,22.90547,22.813938,22.810078
23.44891,23.47664,22.90547,22.813938,22.810078,22.810036
23.47664,22.90547,22.813938,22.810078,22.810036,22.810059
22.90547,22.813938,22.810078,22.810036,22.810059,22.810015
22.813938,22.810078,22.810036,22.810059,22.810015,22.809998
22.810078,22.810036,22.810059,22.810015,22.809998,22.809984
22.810036,22.810059,22.810015,22.809998,22.809984,22.809973
22.810059,22.810015,22.809998,22.809984,22.809973,22.809967
22.810015,22.809998,22.809984,22.809973,22.809967,22.809982
22.809998,22.809984,22.809973,22.809967,22.809982,22.809994
22.809984,22.809973,22.809967,22.809982,22.809994,22.810001
22.809973,22.809967,22.809982,22.809994,22.810001,22.810005
22.809967,22.809982,22.809994,22.810001,22.810005,22.810013
22.809982,22.809994,22.810001,22.810005,22.810013,22.810005
22.809994,22.810001,22.810005,22.810013,22.810005,22.810009
22.810001,22.810005,22.810013,22.810005,22.810009,22.810024
22.810005,22.810013,22.810005,22.810009,22.810024,22.810007
22.810013,22.810005,22.810009,22.810024,22.810007,22.810015
22.810005,22.810009,22.810024,22.810007,22.810015,22.810028
22.810009,22.810024,22.810007,22.810015,22.810028,22.810036
22.810024,22.810007,22.810015,22.810028,22.810036,22.810032
22.810007,22.810015,22.810028,22.810036,22.810032,22.810032
22.810015,22.810028,22.810036,22.810032,22.810032,22.810036
22.810028,22.810036,22.810032,22.810032,22.810036,22.810001
22.810036,22.810032,22.810032,22.810036,22.810001,22.81001
22.810032,22.810032,22.810036,22.810001,22.81001,22.810038
22.810032,22.810036,22.810001,22.81001,22.810038,22.810047
22.810036,22.810001,22.81001,22.810038,22.810047,22.810059
22.810001,22.81001,22.810038,22.810047,22.810059,22.8101
22.81001,22.810038,22.810047,22.810059,22.8101,21.87272
22.810038,22.810047,22.810059,22.8101,21.87272,21.381498
22.810047,22.810059,22.8101,21.87272,21.381498,21.102087
22.810059,22.8101,21.87272,21.381498,21.102087,20.951813
22.8101,21.87272,21.381498,21.102087,20.951813,20.780972
21.87272,21.381498,21.102087,20.951813,20.780972,20.654154
21.381498,21.102087,20.951813,20.780972,20.654154,20.624195
21.102087,20.951813,20.780972,20.654154,20.624195,20.589922
20.951813,20.780972,20.654154,20.624195,20.589922,20.534191
20.780972,20.654154,20.624195,20.589922,20.534191,20.480892
20.654154,20.624195,20.589922,20.534191,20.480892,20.440916
20.624195,20.589922,20.534191,20.480892,20.440916,20.408863
20.589922,20.534191,20.480892,20.440916,20.408863,20.380798
20.534191,20.480892,20.440916,20.408863,20.380798,20.3545
20.480892,20.440916,20.408863,20.380798,20.3545,20.329317
20.440916,20.408863,20.380798,20.3545,20.329317,20.305239
20.408863,20.380798,20.3545,20.329317,20.305239,20.282227
20.380798,20.3545,20.329317,20.305239,20.282227,20.260126
20.3545,20.329317,20.305239,20.282227,20.260126,20.245773
20.329317,20.305239,20.282227,20.260126,20.245773,20.222738
20.305239,20.282227,20.260126,20.245773,20.222738,20.19623
20.282227,20.260126,20.245773,20.222738,20.19623,20.172497
20.260126,20.245773,20.222738,20.19623,20.172497,20.151642
20.245773,20.222738,20.19623,20.172497,20.151642,20.131676
20.222738,20.19623,20.172497,20.151642,20.131676,20.625565
20.19623,20.172497,20.151642,20.131676,20.625565,20.828144
20.172497,20.151642,20.131676,20.625565,20.828144,20.925266
20.151642,20.131676,20.625565,20.828144,20.925266,21.1416
20.131676,20.625565,20.828144,20.925266,21.1416,21.233768
20.625565,20.828144,20.925266,21.1416,21.233768,21.267265
20.828144,20.925266,21.1416,21.233768,21.267265,21.281559
20.925266,21.1416,21.233768,21.267265,21.281559,21.291185
21.1416,21.233768,21.267265,21.281559,21.291185,21.298815
21.233768,21.267265,21.281559,21.291185,21.298815,21.300434
21.267265,21.281559,21.291185,21.298815,21.300434,21.30312
21.281559,21.291185,21.298815,21.300434,21.30312,21.306429
21.291185,21.298815,21.300434,21.30312,21.306429,21.307829
21.298815,21.300434,21.30312,21.306429,21.307829,21.306303
21.300434,21.30312,21.306429,21.307829,21.306303,21.304142
21.30312,21.306429,21.307829,21.306303,21.304142,21.301548
21.306429,21.307829,21.306303,21.304142,21.301548,21.298645
21.307829,21.306303,21.304142,21.301548,21.298645,21.295639
21.306303,21.304142,21.301548,21.298645,21.295639,21.28628
21.304142,21.301548,21.298645,21.295639,21.28628,21.270136
21.301548,21.298645,21.295639,21.28628,21.270136,21.250128
21.298645,21.295639,21.28628,21.270136,21.250128,21.228765
21.295639,21.28628,21.270136,21.250128,21.228765,21.20701
21.28628,21.270136,21.250128,21.228765,21.20701,21.184896
21.270136,21.250128,21.228765,21.20701,21.184896,21.16145
21.250128,21.228765,21.20701,21.184896,21.16145,21.13658
21.228765,21.20701,21.184896,21.16145,21.13658,21.110682
21.20701,21.184896,21.16145,21.13658,21.110682,21.084099
21.184896,21.16145,21.13658,21.110682,21.084099,21.056957
21.16145,21.13658,21.110682,21.084099,21.056957,21.029242
21.13658,21.110682,21.084099,21.056957,21.029242,21.003445
21.110682,21.084099,21.056957,21.029242,21.003445,20.979637
21.084099,21.056957,21.029242,21.003445,20.979637,20.956741
21.056957,21.029242,21.003445,20.979637,20.956741,20.934149
21.029242,21.003445,20.979637,20.956741,20.934149,20.911774
21.003445,20.979637,20.956741,20.934149,20.911774,20.889614
20.979637,20.956741,20.934149,20.911774,20.889614,20.867897
20.956741,20.934149,20.911774,20.889614,20.867897,20.846676
20.934149,20.911774,20.889614,20.867897,20.846676,20.825834
20.911774,20.889614,20.867897,20.846676,20.825834,20.805233
20.889614,20.867897,20.846676,20.825834,20.805233,20.784782
20.867897,20.846676,20.825834,20.805233,20.784782,20.764425
20.846676,20.825834,20.805233,20.784782,20.764425,20.745834
20.825834,20.805233,20.784782,20.764425,20.745834,20.729124
20.805233,20.784782,20.764425,20.745834,20.729124,20.713547
20.784782,20.764425,20.745834,20.729124,20.713547,20.698439
20.764425,20.745834,20.729124,20.713547,20.698439,20.683523
20.745834,20.729124,20.713547,20.698439,20.683523,20.66879
20.729124,20.713547,20.698439,20.683523,20.66879,21.73838
20.713547,20.698439,20.683523,20.66879,21.73838,22.498392
20.698439,20.683523,20.66879,21.73838,22.498392,22.809475
20.683523,20.66879,21.73838,22.498392,22.809475,22.810165
20.66879,21.73838,22.498392,22.809475,22.810165,22.810156
21.73838,22.498392,22.809475,22.810165,22.810156,22.810135
22.498392,22.809475,22.810165,22.810156,22.810135,22.810078
22.809475,22.810165,22.810156,22.810135,22.810078,22.810081
22.810165,22.810156,22.810135,22.810078,22.810081,22.810066
22.810156,22.810135,22.810078,22.810081,22.810066,22.810053
22.810135,22.810078,22.810081,22.810066,22.810053,22.810043
22.810078,22.810081,22.810066,22.810053,22.810043,22.810032
22.810081,22.810066,22.810053,22.810043,22.810032,22.810019
22.810066,22.810053,22.810043,22.810032,22.810019,22.810013
22.810053,22.810043,22.810032,22.810019,22.810013,22.810009
22.810043,22.810032,22.810019,22.810013,22.810009,22.810003
22.810032,22.810019,22.810013,22.810009,22.810003,22.809998
22.810019,22.810013,22.810009,22.810003,22.809998,22.809998
22.810013,22.810009,22.810003,22.809998,22.809998,22.809998
22.810009,22.810003,22.809998,22.809998,22.809998,22.809996
22.810003,22.809998,22.809998,22.809998,22.809996,22.809998
22.809998,22.809998,22.809998,22.809996,22.809998,22.81
22.809998,22.809998,22.809996,22.809998,22.81,22.810001
22.809998,22.809996,22.809998,22.81,22.810001,22.810003
22.809996,22.809998,22.81,22.810001,22.810003,22.810005
22.809998,22.81,22.810001,22.810003,22.810005,22.810005
22.81,22.810001,22.810003,22.810005,22.810005,22.810003
22.810001,22.810003,22.810005,22.810005,22.810003,22.810007
22.810003,22.810005,22.810005,22.810003,22.810007,22.81001
22.810005,22.810005,22.810003,22.810007,22.81001,22.81
22.810005,22.810003,22.810007,22.81001,22.81,22.810005
22.810003,22.810007,22.81001,22.81,22.810005,22.80999
22.810007,22.81001,22.81,22.810005,22.80999,23.705364
22.81001,22.81,22.810005,22.80999,23.705364,23.718714
22.81,22.810005,22.80999,23.705364,23.718714,23.719076
22.810005,22.80999,23.705364,23.718714,23.719076,23.483881
22.80999,23.705364,23.718714,23.719076,23.483881,23.48262
23.705364,23.718714,23.719076,23.483881,23.48262,23.494577
23.718714,23.719076,23.483881,23.48262,23.494577,23.582813
23.719076,23.483881,23.48262,23.494577,23.582813,23.628103
23.483881,23.48262,23.494577,23.582813,23.628103,23.59732
23.48262,23.494577,23.582813,23.628103,23.59732,23.541794
23.494577,23.582813,23.628103,23.59732,23.541794,23.468828
23.582813,23.628103,23.59732,23.541794,23.468828,23.397629
23.628103,23.59732,23.541794,23.468828,23.397629,23.645967
23.59732,23.541794,23.468828,23.397629,23.645967,23.70304
23.541794,23.468828,23.397629,23.645967,23.70304,23.71532
23.468828,23.397629,23.645967,23.70304,23.71532,23.68701
23.397629,23.645967,23.70304,23.71532,23.68701,23.703867
23.645967,23.70304,23.71532,23.68701,23.703867,23.683073
23.70304,23.71532,23.68701,23.703867,23.683073,23.680553
23.71532,23.68701,23.703867,23.683073,23.680553,23.636765
23.68701,23.703867,23.683073,23.680553,23.636765,23.560377
23.703867,23.683073,23.680553,23.636765,23.560377,23.683401
23.683073,23.680553,23.636765,23.560377,23.683401,23.712337
23.680553,23.636765,23.560377,23.683401,23.712337,23.717674
23.636765,23.560377,23.683401,23.712337,23.717674,23.404276
23.560377,23.683401,23.712337,23.717674,23.404276,23.204926
23.683401,23.712337,23.717674,23.404276,23.204926,22.855333
23.712337,23.717674,23.404276,23.204926,22.855333,22.81465
23.717674,23.404276,23.204926,22.855333,22.81465,22.81005
23.404276,23.204926,22.855333,22.81465,22.81005,22.809956
23.204926,22.855333,22.81465,22.81005,22.809956,22.810005
22.855333,22.81465,22.81005,22.809956,22.810005,22.810017
22.81465,22.81005,22.809956,22.810005,22.810017,22.81004
22.81005,22.809956,22.810005,22.810017,22.81004,23.512386
22.809956,22.810005,22.810017,22.81004,23.512386,23.699125
22.810005,22.810017,22.81004,23.512386,23.699125,23.719498
22.810017,22.81004,23.512386,23.699125,23.719498,23.000122
22.81004,23.512386,23.699125,23.719498,23.000122,22.814768
23.512386,23.699125,23.719498,23.000122,22.814768,22.810215
23.699125,23.719498,23.000122,22.814768,22.810215,22.810055
23.719498,23.000122,22.814768,22.810215,22.810055,22.01183
23.000122,22.814768,22.810215,22.810055,22.01183,21.707144
22.814768,22.810215,22.810055,22.01183,21.707144,21.497234
22.810215,22.810055,22.01183,21.707144,21.497234,21.380724
22.810055,22.01183,21.707144,21.497234,21.380724,21.24546
22.01183,21.707144,21.497234,21.380724,21.24546,21.137861
21.707144,21.497234,21.380724,21.24546,21.137861,21.105423
21.497234,21.380724,21.24546,21.137861,21.105423,21.06994
21.380724,21.24546,21.137861,21.105423,21.06994,21.014507
21.24546,21.137861,21.105423,21.06994,21.014507,20.961672
21.137861,21.105423,21.06994,21.014507,20.961672,20.92194
21.105423,21.06994,21.014507,20.961672,20.92194,20.890148
21.06994,21.014507,20.961672,20.92194,20.890148,20.860332
21.014507,20.961672,20.92194,20.890148,20.860332,20.830824
20.961672,20.92194,20.890148,20.860332,20.830824,20.80222
20.92194,20.890148,20.860332,20.830824,20.80222,20.774998
20.890148,20.860332,20.830824,20.80222,20.774998,20.749046
20.860332,20.830824,20.80222,20.774998,20.749046,20.72406
20.830824,20.80222,20.774998,20.749046,20.72406,20.70841
20.80222,20.774998,20.749046,20.72406,20.70841,20.683537
20.774998,20.749046,20.72406,20.70841,20.683537,20.655027
20.749046,20.72406,20.70841,20.683537,20.655027,20.633259
20.72406,20.70841,20.683537,20.655027,20.633259,20.613934
20.70841,20.683537,20.655027,20.633259,20.613934,20.59371
20.683537,20.655027,20.633259,20.613934,20.59371,21.098452
20.655027,20.633259,20.613934,20.59371,21.098452,21.299742
20.633259,20.613934,20.59371,21.098452,21.299742,21.393467
20.613934,20.59371,21.098452,21.299742,21.393467,21.6003
20.59371,21.098452,21.299742,21.393467,21.6003,21.674343
21.098452,21.299742,21.393467,21.6003,21.674343,21.689344
21.299742,21.393467,21.6003,21.674343,21.689344,21.690826
21.393467,21.6003,21.674343,21.689344,21.690826,21.693138
21.6003,21.674343,21.689344,21.690826,21.693138,21.695105
21.674343,21.689344,21.690826,21.693138,21.695105,21.697521
21.689344,21.690826,21.693138,21.695105,21.697521,21.697605
21.690826,21.693138,21.695105,21.697521,21.697605,21.695623
21.693138,21.695105,21.697521,21.697605,21.695623,21.69165
21.695105,21.697521,21.697605,21.695623,21.69165,21.688602
21.697521,21.697605,21.695623,21.69165,21.688602,21.681026
21.697605,21.695623,21.69165,21.688602,21.681026,21.672688
21.695623,21.69165,21.688602,21.681026,21.672688,21.66451
21.69165,21.688602,21.681026,21.672688,21.66451,21.656425
21.688602,21.681026,21.672688,21.66451,21.656425,21.64187
21.681026,21.672688,21.66451,21.656425,21.64187,21.61982
21.672688,21.66451,21.656425,21.64187,21.61982,21.59283
21.66451,21.656425,21.64187,21.61982,21.59283,21.563503
21.656425,21.64187,21.61982,21.59283,21.563503,21.534304
21.64187,21.61982,21.59283,21.563503,21.534304,21.505924
21.61982,21.59283,21.563503,21.534304,21.505924,21.478155
21.59283,21.563503,21.534304,21.505924,21.478155,21.450525
21.563503,21.534304,21.505924,21.478155,21.450525,21.422882
21.534304,21.505924,21.478155,21.450525,21.422882,21.395264
21.505924,21.478155,21.450525,21.422882,21.395264,21.367708
21.478155,21.450525,21.422882,21.395264,21.367708,21.340216
21.450525,21.422882,21.395264,21.367708,21.340216,21.31261
21.422882,21.395264,21.367708,21.340216,21.31261,21.284878
21.395264,21.367708,21.340216,21.31261,21.284878,21.25707
21.367708,21.340216,21.31261,21.284878,21.25707,21.229229
21.340216,21.31261,21.284878,21.25707,21.229229,21.201353
21.31261,21.284878,21.25707,21.229229,21.201353,21.173435
21.284878,21.25707,21.229229,21.201353,21.173435,21.158384
21.25707,21.229229,21.201353,21.173435,21.158384,21.155731
21.229229,21.201353,21.173435,21.158384,21.155731,21.158703
21.201353,21.173435,21.158384,21.155731,21.158703,21.162565
21.173435,21.158384,21.155731,21.158703,21.162565,21.16125
21.158384,21.155731,21.158703,21.162565,21.16125,21.160387
21.155731,21.158703,21.162565,21.16125,21.160387,21.164783
21.158703,21.162565,21.16125,21.160387,21.164783,21.17377
21.162565,21.16125,21.160387,21.164783,21.17377,21.185028
21.16125,21.160387,21.164783,21.17377,21.185028,21.197227
21.160387,21.164783,21.17377,21.185028,21.197227,21.210249
21.164783,21.17377,21.185028,21.197227,21.210249,21.224327
21.17377,21.185028,21.197227,21.210249,21.224327,22.306767
21.185028,21.197227,21.210249,21.224327,22.306767,22.772505
21.197227,21.210249,21.224327,22.306767,22.772505,22.810097
21.210249,21.224327,22.306767,22.772505,22.810097,22.810177
21.224327,22.306767,22.772505,22.810097,22.810177,22.810152
22.306767,22.772505,22.810097,22.810177,22.810152,22.810116
22.772505,22.810097,22.810177,22.810152,22.810116,22.809977
22.810097,22.810177,22.810152,22.810116,22.809977,22.809977
22.810177,22.810152,22.810116,22.809977,22.809977,22.809982
22.810152,22.810116,22.809977,22.809977,22.809982,22.809986
22.810116,22.809977,22.809977,22.809982,22.809986,22.809986
22.809977,22.809977,22.809982,22.809986,22.809986,22.80999
22.809977,22.809982,22.809986,22.809986,22.80999,22.809996
22.809982,22.809986,22.809986,22.80999,22.809996,22.809996
22.809986,22.809986,22.80999,22.809996,22.809996,23.598349
22.809986,22.80999,22.809996,22.809996,23.598349,23.719093
22.80999,22.809996,22.809996,23.598349,23.719093,23.71972
22.809996,22.809996,23.598349,23.719093,23.71972,22.937544
22.809996,23.598349,23.719093,23.71972,22.937544,22.810501
23.598349,23.719093,23.71972,22.937544,22.810501,22.810118
23.719093,23.71972,22.937544,22.810501,22.810118,22.810162
23.71972,22.937544,22.810501,22.810118,22.810162,22.810291
22.937544,22.810501,22.810118,22.810162,22.810291,22.81017
22.810501,22.810118,22.810162,22.810291,22.81017,22.81013
22.810118,22.810162,22.810291,22.81017,22.81013,22.810123
22.810162,22.810291,22.81017,22.81013,22.810123,22.81009
22.810291,22.81017,22.81013,22.810123,22.81009,22.810022
22.81017,22.81013,22.810123,22.81009,22.810022,22.810032
22.81013,22.810123,22.81009,22.810022,22.810032,22.810017
22.810123,22.81009,22.810022,22.810032,22.810017,22.809996
22.81009,22.810022,22.810032,22.810017,22.809996,22.809986
22.810022,22.810032,22.810017,22.809996,22.809986,22.809982
22.810032,22.810017,22.809996,22.809986,22.809982,23.625904
22.810017,22.809996,22.809986,22.809982,23.625904,23.719135
22.809996,22.809986,22.809982,23.625904,23.719135,23.71923
22.809986,22.809982,23.625904,23.719135,23.71923,23.286228
22.809982,23.625904,23.719135,23.71923,23.286228,23.119076
23.625904,23.719135,23.71923,23.286228,23.119076,23.011154
23.719135,23.71923,23.286228,23.119076,23.011154,22.92826
23.71923,23.286228,23.119076,23.011154,22.92826,22.907991
23.286228,23.119076,23.011154,22.92826,22.907991,22.960306
23.119076,23.011154,22.92826,22.907991,22.960306,23.038504
23.011154,22.92826,22.907991,22.960306,23.038504,23.130945
22.92826,22.907991,22.960306,23.038504,23.130945,23.227013
22.907991,22.960306,23.038504,23.130945,23.227013,23.329184
22.960306,23.038504,23.130945,23.227013,23.329184,23.48328
23.038504,23.130945,23.227013,23.329184,23.48328,23.582258
23.130945,23.227013,23.329184,23.48328,23.582258,23.610771
23.227013,23.329184,23.48328,23.582258,23.610771,23.657906
23.329184,23.48328,23.582258,23.610771,23.657906,23.715378
23.48328,23.582258,23.610771,23.657906,23.715378,23.71953
23.582258,23.610771,23.657906,23.715378,23.71953,23.719864
23.610771,23.657906,23.715378,23.71953,23.719864,23.71991
23.657906,23.715378,23.71953,23.719864,23.71991,23.71991
23.715378,23.71953,23.719864,23.71991,23.71991,23.719906
23.71953,23.719864,23.71991,23.71991,23.719906,23.719921
23.719864,23.71991,23.71991,23.719906,23.719921,23.719913
23.71991,23.71991,23.719906,23.719921,23.719913,23.67156
23.71991,23.719906,23.719921,23.719913,23.67156,23.557716
23.719906,23.719921,23.719913,23.67156,23.557716,23.457682
23.719921,23.719913,23.67156,23.557716,23.457682,23.325779
23.719913,23.67156,23.557716,23.457682,23.325779,23.17062
23.67156,23.557716,23.457682,23.325779,23.17062,23.062408
23.557716,23.457682,23.325779,23.17062,23.062408,22.940205
23.457682,23.325779,23.17062,23.062408,22.940205,22.815136
23.325779,23.17062,23.062408,22.940205,22.815136,22.81036
23.17062,23.062408,22.940205,22.815136,22.81036,22.81
23.062408,22.940205,22.815136,22.81036,22.81,22.81
22.940205,22.815136,22.81036,22.81,22.81,22.810009
22.815136,22.81036,22.81,22.81,22.810009,22.810015
22.81036,22.81,22.81,22.810009,22.810015,22.810034
22.81,22.81,22.810009,22.810015,22.810034,22.810045
22.81,22.810009,22.810015,22.810034,22.810045,22.035263
22.810009,22.810015,22.810034,22.810045,22.035263,21.760092
22.810015,22.810034,22.810045,22.035263,21.760092,21.560907
22.810034,22.810045,22.035263,21.760092,21.560907,21.448885
22.810045,22.035263,21.760092,21.560907,21.448885,21.318
22.035263,21.760092,21.560907,21.448885,21.318,21.211597
21.760092,21.560907,21.448885,21.318,21.211597,21.177818
21.560907,21.448885,21.318,21.211597,21.177818,21.141441
21.448885,21.318,21.211597,21.177818,21.141441,21.085394
21.318,21.211597,21.177818,21.141441,21.085394,21.032322
21.211597,21.177818,21.141441,21.085394,21.032322,20.992615
21.177818,21.141441,21.085394,21.032322,20.992615,20.96097
21.141441,21.085394,21.032322,20.992615,20.96097,20.930756
21.085394,21.032322,20.992615,20.96097,20.930756,20.900566
21.032322,20.992615,20.96097,20.930756,20.900566,20.871412
20.992615,20.96097,20.930756,20.900566,20.871412,20.843914
20.96097,20.930756,20.900566,20.871412,20.843914,20.817907
20.930756,20.900566,20.871412,20.843914,20.817907,20.79304
20.900566,20.871412,20.843914,20.817907,20.79304,20.778921
20.871412,20.843914,20.817907,20.79304,20.778921,20.756657
20.843914,20.817907,20.79304,20.778921,20.756657,20.731234
20.817907,20.79304,20.778921,20.756657,20.731234,20.709175
20.79304,20.778921,20.756657,20.731234,20.709175,20.690523
20.778921,20.756657,20.731234,20.709175,20.690523,20.673172
20.756657,20.731234,20.709175,20.690523,20.673172,21.21642
20.731234,20.709175,20.690523,20.673172,21.21642,21.432076
20.709175,20.690523,20.673172,21.21642,21.432076,21.532948
20.690523,20.673172,21.21642,21.432076,21.532948,21.756283
20.673172,21.21642,21.432076,21.532948,21.756283,21.835918
21.21642,21.432076,21.532948,21.756283,21.835918,21.850431
21.432076,21.532948,21.756283,21.835918,21.850431,21.848646
21.532948,21.756283,21.835918,21.850431,21.848646,21.846823
21.756283,21.835918,21.850431,21.848646,21.846823,21.846285
21.835918,21.850431,21.848646,21.846823,21.846285,21.842173
21.850431,21.848646,21.846823,21.846285,21.842173,21.83511
21.848646,21.846823,21.846285,21.842173,21.83511,21.826054
21.846823,21.846285,21.842173,21.83511,21.826054,21.81458
21.846285,21.842173,21.83511,21.826054,21.81458,21.807146
21.842173,21.83511,21.826054,21.81458,21.807146,21.78912
21.83511,21.826054,21.81458,21.807146,21.78912,21.770817
21.826054,21.81458,21.807146,21.78912,21.770817,21.75421
21.81458,21.807146,21.78912,21.770817,21.75421,21.738438
21.807146,21.78912,21.770817,21.75421,21.738438,21.719414
21.78912,21.770817,21.75421,21.738438,21.719414,21.696602
21.770817,21.75421,21.738438,21.719414,21.696602,21.671562
21.75421,21.738438,21.719414,21.696602,21.671562,21.645947
21.738438,21.719414,21.696602,21.671562,21.645947,21.620443
21.719414,21.696602,21.671562,21.645947,21.620443,21.595043
21.696602,21.671562,21.645947,21.620443,21.595043,21.569845
21.671562,21.645947,21.620443,21.595043,21.569845,21.544739
21.645947,21.620443,21.595043,21.569845,21.544739,21.519598
21.620443,21.595043,21.569845,21.544739,21.519598,21.494389
21.595043,21.569845,21.544739,21.519598,21.494389,21.46912
21.569845,21.544739,21.519598,21.494389,21.46912,21.443794
21.544739,21.519598,21.494389,21.46912,21.443794,21.419092
21.519598,21.494389,21.46912,21.443794,21.419092,21.394972
21.494389,21.46912,21.443794,21.419092,21.394972,21.371082
21.46912,21.443794,21.419092,21.394972,21.371082,21.347178
21.443794,21.419092,21.394972,21.371082,21.347178,21.323196
21.419092,21.394972,21.371082,21.347178,21.323196,21.299164
21.394972,21.371082,21.347178,21.323196,21.299164,21.283482
21.371082,21.347178,21.323196,21.299164,21.283482,21.275928
21.347178,21.323196,21.299164,21.283482,21.275928,21.272238
21.323196,21.299164,21.283482,21.275928,21.272238,21.269348
21.299164,21.283482,21.275928,21.272238,21.269348,21.266438
21.283482,21.275928,21.272238,21.269348,21.266438,21.26379
21.275928,21.272238,21.269348,21.266438,21.26379,21.261034
21.272238,21.269348,21.266438,21.26379,21.261034,21.258236
21.269348,21.266438,21.26379,21.261034,21.258236,21.255678
21.266438,21.26379,21.261034,21.258236,21.255678,21.25362
21.26379,21.261034,21.258236,21.255678,21.25362,21.252344
21.261034,21.258236,21.255678,21.25362,21.252344,21.251606
21.258236,21.255678,21.25362,21.252344,21.251606,22.26873
21.255678,21.25362,21.252344,21.251606,22.26873,22.762543
21.25362,21.252344,21.251606,22.26873,22.762543,22.809896
21.252344,21.251606,22.26873,22.762543,22.809896,22.81004
21.251606,22.26873,22.762543,22.809896,22.81004,22.810047
22.26873,22.762543,22.809896,22.81004,22.810047,22.810032
22.762543,22.809896,22.81004,22.810047,22.810032,22.810053
22.809896,22.81004,22.810047,22.810032,22.810053,22.810062
22.81004,22.810047,22.810032,22.810053,22.810062,22.810059
22.810047,22.810032,22.810053,22.810062,22.810059,22.810047
22.810032,22.810053,22.810062,22.810059,22.810047,22.81005
22.810053,22.810062,22.810059,22.810047,22.81005,22.81004
22.810062,22.810059,22.810047,22.81005,22.81004,22.810005
22.810059,22.810047,22.81005,22.81004,22.810005,22.810001
22.810047,22.81005,22.81004,22.810005,22.810001,22.809998
22.81005,22.81004,22.810005,22.810001,22.809998,22.809994
22.81004,22.810005,22.810001,22.809998,22.809994,22.809994
22.810005,22.810001,22.809998,22.809994,22.809994,22.80999
22.810001,22.809998,22.809994,22.809994,22.80999,22.80999
22.809998,22.809994,22.809994,22.80999,22.80999,22.809994
22.809994,22.809994,22.80999,22.80999,22.809994,22.809996
22.809994,22.80999,22.80999,22.809994,22.809996,22.809994
22.80999,22.80999,22.809994,22.809996,22.809994,22.809998
22.80999,22.809994,22.809996,22.809994,22.809998,22.810005
22.809994,22.809996,22.809994,22.809998,22.810005,22.810013
22.809996,22.809994,22.809998,22.810005,22.810013,22.810026
22.809994,22.809998,22.810005,22.810013,22.810026,22.810055
22.809998,22.810005,22.810013,22.810026,22.810055,22.810053
22.810005,22.810013,22.810026,22.810055,22.810053,22.810055
22.810013,22.810026,22.810055,22.810053,22.810055,22.810032
22.810026,22.810055,22.810053,22.810055,22.810032,22.810028
22.810055,22.810053,22.810055,22.810032,22.810028,22.810043
22.810053,22.810055,22.810032,22.810028,22.810043,22.810013
22.810055,22.810032,22.810028,22.810043,22.810013,22.81002
22.810032,22.810028,22.810043,22.810013,22.81002,22.810026
22.810028,22.810043,22.810013,22.81002,22.810026,22.810009
22.810043,22.810013,22.81002,22.810026,22.810009,22.810005
22.810013,22.81002,22.810026,22.810009,22.810005,22.81001
22.81002,22.810026,22.810009,22.810005,22.81001,22.810005
22.810026,22.810009,22.810005,22.81001,22.810005,22.810005
22.810009,22.810005,22.81001,22.810005,22.810005,22.810026
22.810005,22.81001,22.810005,22.810005,22.810026,22.81001
22.81001,22.810005,22.810005,22.810026,22.81001,22.810005
22.810005,22.810005,22.810026,22.81001,22.810005,22.810015
22.810005,22.810026,22.81001,22.810005,22.810015,22.827663
22.810026,22.81001,22.810005,22.810015,22.827663,22.823288
22.81001,22.810005,22.810015,22.827663,22.823288,22.811068
22.810005,22.810015,22.827663,22.823288,22.811068,22.810057
22.810015,22.827663,22.823288,22.811068,22.810057,22.810013
22.827663,22.823288,22.811068,22.810057,22.810013,22.810026
22.823288,22.811068,22.810057,22.810013,22.810026,22.810009
22.811068,22.810057,22.810013,22.810026,22.810009,22.810019
22.810057,22.810013,22.810026,22.810009,22.810019,22.810019
22.810013,22.810026,22.810009,22.810019,22.810019,22.810019
22.810026,22.810009,22.810019,22.810019,22.810019,22.81002
22.810009,22.810019,22.810019,22.810019,22.81002,22.810022
22.810019,22.810019,22.810019,22.81002,22.810022,22.810017
22.810019,22.810019,22.81002,22.810022,22.810017,22.81002
22.810019,22.81002,22.810022,22.810017,22.81002,22.810019
22.81002,22.810022,22.810017,22.81002,22.810019,23.673847
22.810022,22.810017,22.81002,22.810019,23.673847,23.719444
22.810017,22.81002,22.810019,23.673847,23.719444,23.719406
22.81002,22.810019,23.673847,23.719444,23.719406,23.719383
22.810019,23.673847,23.719444,23.719406,23.719383,23.718948
23.673847,23.719444,23.719406,23.719383,23.718948,23.719276
23.719444,23.719406,23.719383,23.718948,23.719276,23.116455
23.719406,23.719383,23.718948,23.719276,23.116455,22.874033
23.719383,23.718948,23.719276,23.116455,22.874033,22.810722
23.718948,23.719276,23.116455,22.874033,22.810722,22.810015
23.719276,23.116455,22.874033,22.810722,22.810015,22.810047
23.116455,22.874033,22.810722,22.810015,22.810047,22.810116
22.874033,22.810722,22.810015,22.810047,22.810116,22.81012
22.810722,22.810015,22.810047,22.810116,22.81012,21.966095
22.810015,22.810047,22.810116,22.81012,21.966095,21.662897
22.810047,22.810116,22.81012,21.966095,21.662897,21.44374
22.810116,22.81012,21.966095,21.662897,21.44374,21.319763
22.81012,21.966095,21.662897,21.44374,21.319763,21.174343
21.966095,21.662897,21.44374,21.319763,21.174343,21.055433
21.662897,21.44374,21.319763,21.174343,21.055433,21.019075
21.44374,21.319763,21.174343,21.055433,21.019075,20.979998
21.319763,21.174343,21.055433,21.019075,20.979998,20.919432
21.174343,21.055433,21.019075,20.979998,20.919432,20.862
21.055433,21.019075,20.979998,20.919432,20.862,20.818926
21.019075,20.979998,20.919432,20.862,20.818926,20.784391
20.979998,20.919432,20.862,20.818926,20.784391,20.75251
20.919432,20.862,20.818926,20.784391,20.75251,20.721458
20.862,20.818926,20.784391,20.75251,20.721458,20.691612
20.818926,20.784391,20.75251,20.721458,20.691612,20.663347
20.784391,20.75251,20.721458,20.691612,20.663347,20.636526
20.75251,20.721458,20.691612,20.663347,20.636526,20.61085
20.721458,20.691612,20.663347,20.636526,20.61085,20.594067
20.691612,20.663347,20.636526,20.61085,20.594067,20.567484
20.663347,20.636526,20.61085,20.594067,20.567484,20.537203
20.636526,20.61085,20.594067,20.567484,20.537203,20.510317
20.61085,20.594067,20.567484,20.537203,20.510317,20.486774
20.594067,20.567484,20.537203,20.510317,20.486774,20.464268
20.567484,20.537203,20.510317,20.486774,20.464268,20.93843
20.537203,20.510317,20.486774,20.464268,20.93843,21.122831
20.510317,20.486774,20.464268,20.93843,21.122831,21.207413
20.486774,20.464268,20.93843,21.122831,21.207413,21.389927
20.464268,20.93843,21.122831,21.207413,21.389927,21.448462
20.93843,21.122831,21.207413,21.389927,21.448462,21.457075
21.122831,21.207413,21.389927,21.448462,21.457075,21.457954
21.207413,21.389927,21.448462,21.457075,21.457954,21.461998
21.389927,21.448462,21.457075,21.457954,21.461998,21.465048
21.448462,21.457075,21.457954,21.461998,21.465048,21.46948
21.457075,21.457954,21.461998,21.465048,21.46948,21.47164
21.457954,21.461998,21.465048,21.46948,21.47164,21.47188
21.461998,21.465048,21.46948,21.47164,21.47188,20.766722
21.465048,21.46948,21.47164,21.47188,20.766722,20.548592
21.46948,21.47164,21.47188,20.766722,20.548592,20.442232
21.47164,21.47188,20.766722,20.548592,20.442232,20.886522
21.47188,20.766722,20.548592,20.442232,20.886522,20.595757
20.766722,20.548592,20.442232,20.886522,20.595757,20.408436
20.548592,20.442232,20.886522,20.595757,20.408436,20.30317
20.442232,20.886522,20.595757,20.408436,20.30317,20.767807
20.886522,20.595757,20.408436,20.30317,20.767807,20.300694
20.595757,20.408436,20.30317,20.767807,20.300694,20.236603
20.408436,20.30317,20.767807,20.300694,20.236603,20.170012
20.30317,20.767807,20.300694,20.236603,20.170012,20.64037
20.767807,20.300694,20.236603,20.170012,20.64037,20.189356
20.300694,20.236603,20.170012,20.64037,20.189356,20.129858
20.236603,20.170012,20.64037,20.189356,20.129858,20.057762
20.170012,20.64037,20.189356,20.129858,20.057762,20.526491
20.64037,20.189356,20.129858,20.057762,20.526491,20.08727
20.189356,20.129858,20.057762,20.526491,20.08727,20.029171
20.129858,20.057762,20.526491,20.08727,20.029171,19.959171
20.057762,20.526491,20.08727,20.029171,19.959171,20.42308
20.526491,20.08727,20.029171,19.959171,20.42308,19.991041
20.08727,20.029171,19.959171,20.42308,19.991041,19.896223
20.029171,19.959171,20.42308,19.991041,19.896223,19.835085
19.959171,20.42308,19.991041,19.896223,19.835085,20.306728
20.42308,19.991041,19.896223,19.835085,20.306728,19.888964
19.991041,19.896223,19.835085,20.306728,19.888964,19.799603
19.896223,19.835085,20.306728,19.888964,19.799603,19.744553
19.835085,20.306728,19.888964,19.799603,19.744553,20.214691
20.306728,19.888964,19.799603,19.744553,20.214691,19.802084
19.888964,19.799603,19.744553,20.214691,19.802084,19.714653
19.799603,19.744553,20.214691,19.802084,19.714653,19.662691
19.744553,20.214691,19.802084,19.714653,19.662691,20.130198
20.214691,19.802084,19.714653,19.662691,20.130198,19.723856
19.802084,19.714653,19.662691,20.130198,19.723856,19.639786
19.714653,19.662691,20.130198,19.723856,19.639786,19.53213
19.662691,20.130198,19.723856,19.639786,19.53213,20.027163
20.130198,19.723856,19.639786,19.53213,20.027163,19.672155
19.723856,19.639786,19.53213,20.027163,19.672155,19.605762
19.639786,19.53213,20.027163,19.672155,19.605762,19.57215
19.53213,20.027163,19.672155,19.605762,19.57215,19.525343
20.027163,19.672155,19.605762,19.57215,19.525343,19.484966
19.672155,19.605762,19.57215,19.525343,19.484966,19.52163
19.605762,19.57215,19.525343,19.484966,19.52163,19.592093
19.57215,19.525343,19.484966,19.52163,19.592093,19.65349
19.525343,19.484966,19.52163,19.592093,19.65349,19.735037
19.484966,19.52163,19.592093,19.65349,19.735037,19.8227
19.52163,19.592093,19.65349,19.735037,19.8227,19.91317
19.592093,19.65349,19.735037,19.8227,19.91317,20.013435
19.65349,19.735037,19.8227,19.91317,20.013435,20.130714
19.735037,19.8227,19.91317,20.013435,20.130714,20.222784
19.8227,19.91317,20.013435,20.130714,20.222784,20.412066
19.91317,20.013435,20.130714,20.222784,20.412066,20.56888
20.013435,20.130714,20.222784,20.412066,20.56888,20.71369
20.130714,20.222784,20.412066,20.56888,20.71369,20.86331
20.222784,20.412066,20.56888,20.71369,20.86331,20.970612
20.412066,20.56888,20.71369,20.86331,20.970612,21.09366
20.56888,20.71369,20.86331,20.970612,21.09366,21.296577
20.71369,20.86331,20.970612,21.09366,21.296577,21.515322
20.86331,20.970612,21.09366,21.296577,21.515322,21.709806
20.970612,21.09366,21.296577,21.515322,21.709806,21.885546
21.09366,21.296577,21.515322,21.709806,21.885546,22.045776
21.296577,21.515322,21.709806,21.885546,22.045776,22.195745
21.515322,21.709806,21.885546,22.045776,22.195745,22.33184
21.709806,21.885546,22.045776,22.195745,22.33184,22.45809
21.885546,22.045776,22.195745,22.33184,22.45809,22.578434
22.045776,22.195745,22.33184,22.45809,22.578434,22.695187
22.195745,22.33184,22.45809,22.578434,22.695187,22.758862
22.33184,22.45809,22.578434,22.695187,22.758862,22.868917
22.45809,22.578434,22.695187,22.758862,22.868917,23.003391
22.578434,22.695187,22.758862,22.868917,23.003391,23.11475
22.695187,22.758862,22.868917,23.003391,23.11475,23.19709
22.758862,22.868917,23.003391,23.11475,23.19709,23.265255
22.868917,23.003391,23.11475,23.19709,23.265255,23.330107
23.003391,23.11475,23.19709,23.265255,23.330107,23.393078
23.11475,23.19709,23.265255,23.330107,23.393078,23.455393
23.19709,23.265255,23.330107,23.393078,23.455393,23.504612
23.265255,23.330107,23.393078,23.455393,23.504612,23.547997
23.330107,23.393078,23.455393,23.504612,23.547997,23.597198
23.393078,23.455393,23.504612,23.547997,23.597198,23.647438
23.455393,23.504612,23.547997,23.597198,23.647438,23.69294
23.504612,23.547997,23.597198,23.647438,23.69294,23.763613
23.547997,23.597198,23.647438,23.69294,23.763613,23.838255
23.597198,23.647438,23.69294,23.763613,23.838255,23.886036
23.647438,23.69294,23.763613,23.838255,23.886036,23.889637
23.69294,23.763613,23.838255,23.886036,23.889637,23.88996
23.763613,23.838255,23.886036,23.889637,23.88996,23.889956
23.838255,23.886036,23.889637,23.88996,23.889956,23.88996
23.886036,23.889637,23.88996,23.889956,23.88996,23.889965
23.889637,23.88996,23.889956,23.88996,23.889965,23.88997
23.88996,23.889956,23.88996,23.889965,23.88997,23.889977
23.889956,23.88996,23.889965,23.88997,23.889977,23.889992
23.88996,23.889965,23.88997,23.889977,23.889992,23.879
23.889965,23.88997,23.889977,23.889992,23.879,23.846537
23.88997,23.889977,23.889992,23.879,23.846537,23.755192
23.889977,23.889992,23.879,23.846537,23.755192,23.603687
23.889992,23.879,23.846537,23.755192,23.603687,23.436977
23.879,23.846537,23.755192,23.603687,23.436977,23.275099
23.846537,23.755192,23.603687,23.436977,23.275099,23.112259
23.755192,23.603687,23.436977,23.275099,23.112259,22.906675
23.603687,23.436977,23.275099,23.112259,22.906675,22.696741
23.436977,23.275099,23.112259,22.906675,22.696741,22.504427
23.275099,23.112259,22.906675,22.696741,22.504427,22.329533
23.112259,22.906675,22.696741,22.504427,22.329533,22.145529
22.906675,22.696741,22.504427,22.329533,22.145529,21.971571
22.696741,22.504427,22.329533,22.145529,21.971571,21.780025
22.504427,22.329533,22.145529,21.971571,21.780025,21.642294
22.329533,22.145529,21.971571,21.780025,21.642294,21.511696
22.145529,21.971571,21.780025,21.642294,21.511696,21.388235
21.971571,21.780025,21.642294,21.511696,21.388235,21.85519
21.780025,21.642294,21.511696,21.388235,21.85519,21.393246
21.642294,21.511696,21.388235,21.85519,21.393246,21.26838
21.511696,21.388235,21.85519,21.393246,21.26838,21.751015
21.388235,21.85519,21.393246,21.26838,21.751015,21.195015
21.85519,21.393246,21.26838,21.751015,21.195015,21.081291
21.393246,21.26838,21.751015,21.195015,21.081291,20.995403
21.26838,21.751015,21.195015,21.081291,20.995403,21.51568
21.751015,21.195015,21.081291,20.995403,21.51568,21.006695
21.195015,21.081291,20.995403,21.51568,21.006695,20.904957
21.081291,20.995403,21.51568,21.006695,20.904957,20.834743
20.995403,21.51568,21.006695,20.904957,20.834743,21.355078
21.51568,21.006695,20.904957,20.834743,21.355078,20.86395
21.006695,20.904957,20.834743,21.355078,20.86395,20.770477
20.904957,20.834743,21.355078,20.86395,20.770477,20.640995
20.834743,21.355078,20.86395,20.770477,20.640995,21.198725
21.355078,20.86395,20.770477,20.640995,21.198725,20.72832
20.86395,20.770477,20.640995,21.198725,20.72832,20.6457
20.770477,20.640995,21.198725,20.72832,20.6457,20.598354
20.640995,21.198725,20.72832,20.6457,20.598354,21.114996
21.198725,20.72832,20.6457,20.598354,21.114996,20.654255
20.72832,20.6457,20.598354,21.114996,20.654255,20.560768
20.6457,20.598354,21.114996,20.654255,20.560768,20.503096
20.598354,21.114996,20.654255,20.560768,20.503096,21.013893
21.114996,20.654255,20.560768,20.503096,21.013893,20.559584
20.654255,20.560768,20.503096,21.013893,20.559584,20.469608
20.560768,20.503096,21.013893,20.559584,20.469608,20.353914
20.503096,21.013893,20.559584,20.469608,20.353914,20.899256
21.013893,20.559584,20.469608,20.353914,20.899256,20.462587
20.559584,20.469608,20.353914,20.899256,20.462587,20.379707
20.469608,20.353914,20.899256,20.462587,20.379707,20.337227
20.353914,20.899256,20.462587,20.379707,20.337227,20.849012
20.899256,20.462587,20.379707,20.337227,20.849012,20.41101
20.462587,20.379707,20.337227,20.849012,20.41101,20.324696
20.379707,20.337227,20.849012,20.41101,20.324696,20.269209
20.337227,20.849012,20.41101,20.324696,20.269209,20.78069
20.849012,20.41101,20.324696,20.269209,20.78069,20.342434
20.41101,20.324696,20.269209,20.78069,20.342434,20.255089
20.324696,20.269209,20.78069,20.342434,20.255089,20.144627
20.269209,20.78069,20.342434,20.255089,20.144627,20.681849
20.78069,20.342434,20.255089,20.144627,20.681849,20.25827
20.342434,20.255089,20.144627,20.681849,20.25827,20.176739
20.255089,20.144627,20.681849,20.25827,20.176739,20.130798
20.144627,20.681849,20.25827,20.176739,20.130798,20.62658
20.681849,20.25827,20.176739,20.130798,20.62658,20.19071
20.25827,20.176739,20.130798,20.62658,20.19071,20.097633
20.176739,20.130798,20.62658,20.19071,20.097633,19.976875
20.130798,20.62658,20.19071,20.097633,19.976875,20.49601
20.62658,20.19071,20.097633,19.976875,20.49601,20.0737
20.19071,20.097633,19.976875,20.49601,20.0737,19.985897
20.097633,19.976875,20.49601,20.0737,19.985897,19.933426
19.976875,20.49601,20.0737,19.985897,19.933426,20.412172
20.49601,20.0737,19.985897,19.933426,20.412172,19.985773
20.0737,19.985897,19.933426,20.412172,19.985773,19.89307
19.985897,19.933426,20.412172,19.985773,19.89307,19.834534
19.933426,20.412172,19.985773,19.89307,19.834534,20.30443
20.412172,19.985773,19.89307,19.834534,20.30443,19.882545
19.985773,19.89307,19.834534,20.30443,19.882545,19.790895
19.89307,19.834534,20.30443,19.882545,19.790895,19.670847
19.834534,20.30443,19.882545,19.790895,19.670847,20.165525
20.30443,19.882545,19.790895,19.670847,20.165525,19.759655
19.882545,19.790895,19.670847,20.165525,19.759655,19.677267
19.790895,19.670847,20.165525,19.759655,19.677267,19.628895
19.670847,20.165525,19.759655,19.677267,19.628895,20.089973
20.165525,19.759655,19.677267,19.628895,20.089973,19.678932
19.759655,19.677267,19.628895,20.089973,19.678932,19.593008
19.677267,19.628895,20.089973,19.678932,19.593008,19.540693
19.628895,20.089973,19.678932,19.593008,19.540693,19.99404
20.089973,19.678932,19.593008,19.540693,19.99404,19.587656
19.678932,19.593008,19.540693,19.99404,19.587656,19.503826
19.593008,19.540693,19.99404,19.587656,19.503826,19.393448
19.540693,19.99404,19.587656,19.503826,19.393448,19.872025
19.99404,19.587656,19.503826,19.393448,19.872025,19.483078
19.587656,19.503826,19.393448,19.872025,19.483078,19.403376
19.503826,19.393448,19.872025,19.483078,19.403376,19.356989
19.393448,19.872025,19.483078,19.403376,19.356989,19.795595
19.872025,19.483078,19.403376,19.356989,19.795595,19.405872
19.483078,19.403376,19.356989,19.795595,19.405872,19.409782
19.403376,19.356989,19.795595,19.405872,19.409782,19.44229
19.356989,19.795595,19.405872,19.409782,19.44229,20.010479
19.795595,19.405872,19.409782,19.44229,20.010479,19.697344
19.405872,19.409782,19.44229,20.010479,19.697344,19.71221
19.409782,19.44229,20.010479,19.697344,19.71221,19.776958
19.44229,20.010479,19.697344,19.71221,19.776958,20.405159
20.010479,19.697344,19.71221,19.776958,20.405159,20.132856
19.697344,19.71221,19.776958,20.405159,20.132856,20.182451
19.71221,19.776958,20.405159,20.132856,20.182451,20.302715
19.776958,20.405159,20.132856,20.182451,20.302715,21.02245
20.405159,20.132856,20.182451,20.302715,21.02245,20.821838
